{"cameraMode":{"drawMode":0,"name":"Shaded","section":"Shading Mode"},"sceneLighting":false,"audioPlay":false,"sceneViewState":{"showFog":true,"showMaterialUpdate":false,"showSkybox":true,"showFlares":true,"showImageEffects":true,"showParticleSystems":true},"in2DMode":false,"pivot":{"x":-0.2545039653778076,"y":2.139068603515625,"z":-5.425992488861084},"rotation":{"x":-0.2815774977207184,"y":-0.16362826526165009,"z":0.04879606142640114,"w":-0.9442379474639893},"size":11.770376205444336,"orthographic":false}