{"cameraMode":{"drawMode":0,"name":"Shaded","section":"Shading Mode"},"sceneLighting":false,"audioPlay":false,"sceneViewState":{"showFog":true,"showMaterialUpdate":false,"showSkybox":true,"showFlares":true,"showImageEffects":true,"showParticleSystems":true},"in2DMode":false,"pivot":{"x":-5.622257232666016,"y":30.596406936645509,"z":15.600103378295899},"rotation":{"x":0.11126980185508728,"y":0.8536974787712097,"z":-0.20377258956432343,"w":0.4661564528942108},"size":53.888710021972659,"orthographic":false}