{"cameraMode":{"drawMode":0,"name":"Shaded","section":"Shading Mode"},"sceneLighting":false,"audioPlay":false,"sceneViewState":{"showFog":true,"showMaterialUpdate":false,"showSkybox":false,"showFlares":true,"showImageEffects":true,"showParticleSystems":true},"in2DMode":false,"pivot":{"x":8.078553199768067,"y":1.1749999523162842,"z":-5.9135050773620609},"rotation":{"x":-0.2815774977207184,"y":-0.16362826526165009,"z":0.04879606142640114,"w":-0.9442379474639893},"size":1.0446293354034424,"orthographic":false}